-- phpMyAdmin SQL Dump
-- version 5.1.1
-- https://www.phpmyadmin.net/
--
-- Gép: 127.0.0.1
-- Létrehozás ideje: 2022. Nov 24. 18:34
-- Kiszolgáló verziója: 10.4.22-MariaDB
-- PHP verzió: 8.1.2

SET SQL_MODE = "NO_AUTO_VALUE_ON_ZERO";
START TRANSACTION;
SET time_zone = "+00:00";


/*!40101 SET @OLD_CHARACTER_SET_CLIENT=@@CHARACTER_SET_CLIENT */;
/*!40101 SET @OLD_CHARACTER_SET_RESULTS=@@CHARACTER_SET_RESULTS */;
/*!40101 SET @OLD_COLLATION_CONNECTION=@@COLLATION_CONNECTION */;
/*!40101 SET NAMES utf8mb4 */;

--
-- Adatbázis: `okosotthon2`
--
CREATE DATABASE IF NOT EXISTS `okosotthon2` DEFAULT CHARACTER SET utf8 COLLATE utf8_hungarian_ci;
USE `okosotthon2`;

-- --------------------------------------------------------

--
-- Tábla szerkezet ehhez a táblához `adatok`
--

CREATE TABLE `adatok` (
  `id` int(11) NOT NULL,
  `szobaId` int(11) DEFAULT NULL,
  `homerseklet` int(11) NOT NULL,
  `paratartalom` int(11) NOT NULL,
  `datum` timestamp NOT NULL DEFAULT current_timestamp() ON UPDATE current_timestamp()
) ENGINE=InnoDB DEFAULT CHARSET=utf8 COLLATE=utf8_hungarian_ci;

--
-- A tábla adatainak kiíratása `adatok`
--

INSERT INTO `adatok` (`id`, `szobaId`, `homerseklet`, `paratartalom`, `datum`) VALUES
(1, 50, 23, 57, '2022-11-17 09:35:37'),
(2, 49, 14, 33, '2022-11-17 09:35:45'),
(3, 4, 16, 72, '2021-04-09 19:08:03'),
(4, 18, 30, 52, '2021-04-09 19:08:03'),
(5, 4, 29, 36, '2021-04-09 19:08:49'),
(6, 17, 14, 74, '2021-04-09 19:08:49'),
(7, 12, 39, 39, '2021-04-09 19:08:50'),
(8, 17, 40, 30, '2021-04-09 19:08:50'),
(9, 16, 14, 31, '2021-04-09 19:08:50'),
(11, 7, 34, 31, '2021-04-09 19:08:50'),
(12, 16, 19, 90, '2021-04-09 19:08:50'),
(13, 13, 36, 66, '2021-04-09 19:08:50'),
(14, 8, 37, 45, '2021-04-09 19:08:50'),
(15, 2, 39, 51, '2021-04-09 19:08:50'),
(16, 6, 32, 54, '2021-04-09 19:08:50'),
(17, 15, 19, 48, '2021-04-09 19:08:50'),
(18, 7, 27, 35, '2021-04-09 19:08:50'),
(20, 18, 30, 41, '2021-04-09 19:08:50'),
(21, 17, 28, 33, '2021-04-09 19:08:50'),
(22, 2, 32, 46, '2021-04-09 19:08:50'),
(23, 2, 24, 70, '2021-04-09 19:08:50'),
(24, 17, 37, 71, '2021-04-09 19:08:50'),
(25, 7, 32, 41, '2021-04-09 19:08:50'),
(27, 4, 39, 40, '2021-04-09 19:08:50'),
(28, 18, 16, 52, '2021-04-09 19:08:50'),
(29, 17, 39, 67, '2021-04-09 19:08:51'),
(30, 13, 19, 88, '2021-04-09 19:08:51'),
(31, 10, 35, 84, '2021-04-09 19:08:51'),
(32, 3, 15, 46, '2021-04-09 19:08:51'),
(33, 15, 19, 74, '2021-04-09 19:08:51'),
(34, 6, 23, 49, '2021-04-09 19:08:51'),
(35, 12, 31, 61, '2021-04-09 19:08:51'),
(36, 12, 14, 76, '2021-04-09 19:08:51'),
(37, 14, 39, 62, '2021-04-09 19:08:51'),
(38, 8, 25, 73, '2021-04-09 19:08:51'),
(39, 7, 35, 37, '2021-04-09 19:08:51'),
(40, 6, 20, 83, '2021-04-09 19:08:51'),
(41, 6, 20, 35, '2021-04-09 19:08:51'),
(42, 1, 34, 74, '2021-04-09 19:08:51'),
(43, 2, 21, 36, '2021-04-09 19:08:51'),
(44, 8, 17, 64, '2021-04-09 19:08:52'),
(45, 6, 24, 77, '2021-04-09 19:08:52'),
(46, 12, 25, 68, '2021-04-09 19:08:52'),
(47, 15, 33, 87, '2021-04-09 19:08:52'),
(48, 18, 28, 53, '2021-04-09 19:08:52'),
(49, 5, 32, 65, '2021-04-09 19:08:52'),
(50, 14, 27, 43, '2021-04-09 19:08:52'),
(51, 1, 28, 90, '2021-04-09 19:08:52'),
(52, 4, 27, 48, '2021-04-09 19:08:52'),
(53, 10, 19, 64, '2021-04-09 19:08:52'),
(54, 3, 30, 39, '2021-04-09 19:08:52'),
(55, 3, 28, 40, '2021-04-09 19:08:52'),
(56, 4, 31, 61, '2021-04-09 19:08:52'),
(57, 4, 40, 57, '2021-04-09 19:08:52'),
(58, 18, 25, 47, '2021-04-09 19:08:52'),
(59, 15, 37, 34, '2021-04-09 19:08:53'),
(60, 6, 27, 75, '2021-04-09 19:08:53'),
(61, 4, 18, 74, '2021-04-09 19:08:53'),
(62, 5, 35, 31, '2021-04-09 19:08:53'),
(63, 17, 30, 62, '2021-04-09 19:08:53'),
(64, 4, 14, 66, '2021-04-09 19:08:53'),
(65, 16, 35, 33, '2021-04-09 19:08:53'),
(66, 1, 21, 60, '2021-04-09 19:08:53'),
(67, 13, 15, 34, '2021-04-09 19:08:53'),
(68, 6, 19, 49, '2021-04-09 19:08:53'),
(69, 12, 39, 61, '2021-04-09 19:08:53'),
(70, 11, 20, 31, '2021-04-09 19:08:53'),
(71, 10, 19, 82, '2021-04-09 19:08:53'),
(72, 13, 17, 31, '2021-04-09 19:08:53'),
(73, 6, 36, 62, '2021-04-09 19:08:53'),
(74, 7, 39, 58, '2021-04-09 19:08:53'),
(75, 8, 31, 56, '2021-04-09 19:08:53'),
(76, 17, 21, 39, '2021-04-09 19:08:53'),
(77, 2, 24, 41, '2021-04-09 19:08:53'),
(78, 14, 25, 52, '2021-04-09 19:08:53'),
(79, 10, 33, 65, '2021-04-09 19:08:53'),
(80, 16, 32, 88, '2021-04-09 19:08:53'),
(81, 11, 32, 60, '2021-04-09 19:08:53'),
(82, 14, 27, 52, '2021-04-09 19:08:53'),
(83, 4, 21, 86, '2021-04-09 19:08:53'),
(84, 7, 39, 62, '2021-04-09 19:08:54'),
(85, 10, 31, 89, '2021-04-09 19:08:54'),
(86, 7, 34, 84, '2021-04-09 19:08:54'),
(87, 7, 39, 55, '2021-04-09 19:08:54'),
(88, 11, 24, 50, '2021-04-09 19:08:54'),
(89, 11, 17, 63, '2021-04-09 19:08:54'),
(90, 6, 28, 68, '2021-04-09 19:08:54'),
(91, 8, 39, 56, '2021-04-09 19:08:54'),
(92, 12, 18, 66, '2021-04-09 19:08:54'),
(93, 16, 38, 41, '2021-04-09 19:08:54'),
(94, 5, 15, 48, '2021-04-09 19:08:54'),
(95, 13, 38, 76, '2021-04-09 19:08:54'),
(96, 10, 18, 90, '2021-04-09 19:08:54'),
(97, 1, 22, 71, '2021-04-09 19:08:55'),
(98, 4, 21, 71, '2021-04-09 19:08:55'),
(99, 7, 25, 53, '2021-04-09 19:08:55'),
(100, 14, 19, 56, '2021-04-09 19:08:55'),
(101, 8, 36, 68, '2021-04-09 19:08:55'),
(102, 1, 30, 44, '2021-04-09 19:08:55'),
(103, 1, 25, 79, '2021-04-09 19:08:55'),
(104, 1, 27, 50, '2021-04-09 19:08:55'),
(105, 7, 34, 59, '2021-04-09 19:08:55'),
(106, 17, 40, 72, '2021-04-09 19:08:55'),
(107, 13, 40, 63, '2021-04-09 19:08:55'),
(108, 8, 21, 68, '2021-04-09 19:08:55'),
(109, 6, 15, 75, '2021-04-09 19:08:55'),
(110, 13, 19, 54, '2021-04-09 19:08:55'),
(111, 8, 25, 74, '2021-04-09 19:08:55'),
(112, 12, 17, 63, '2021-04-09 19:08:56'),
(113, 2, 25, 41, '2021-04-09 19:08:56'),
(114, 3, 22, 40, '2021-04-09 19:08:56'),
(115, 15, 29, 32, '2021-04-09 19:08:56'),
(116, 4, 24, 45, '2021-04-09 19:08:56'),
(117, 11, 20, 62, '2021-04-09 19:08:56'),
(118, 18, 14, 65, '2021-04-09 19:08:56'),
(119, 1, 36, 80, '2021-04-09 19:08:56'),
(120, 17, 33, 40, '2021-04-09 19:08:56'),
(121, 7, 30, 80, '2021-04-09 19:08:56'),
(122, 16, 17, 86, '2021-04-09 19:08:56'),
(123, 11, 27, 34, '2021-04-09 19:08:56'),
(124, 5, 23, 76, '2021-04-09 19:09:19'),
(125, 10, 33, 33, '2021-04-09 19:09:19'),
(126, 2, 30, 73, '2021-04-09 19:09:19'),
(127, 7, 36, 82, '2021-04-09 19:09:19'),
(128, 36, 37, 41, '2021-04-09 19:09:19'),
(129, 11, 34, 72, '2021-04-09 19:11:55'),
(130, 2, 18, 73, '2021-04-09 19:11:55'),
(131, 17, 32, 62, '2021-04-09 19:11:55'),
(132, 17, 34, 57, '2021-04-09 19:11:55'),
(133, 2, 17, 65, '2021-04-09 19:11:55'),
(134, 15, 31, 63, '2021-04-09 19:11:55'),
(135, 10, 19, 51, '2021-04-09 19:11:55'),
(136, 27, 34, 44, '2021-04-09 19:12:05'),
(137, 36, 26, 81, '2021-04-09 19:12:05'),
(138, 36, 23, 35, '2021-04-09 19:12:05'),
(139, 13, 38, 76, '2021-04-09 19:12:05'),
(140, 2, 25, 42, '2021-04-09 19:12:05'),
(141, 12, 33, 82, '2021-04-09 19:12:05'),
(142, 16, 21, 84, '2021-04-09 19:12:05'),
(143, 5, 38, 79, '2021-04-09 19:12:05'),
(144, 32, 22, 58, '2021-04-09 19:12:05'),
(145, 7, 24, 54, '2021-04-09 19:12:05'),
(146, 2, 20, 63, '2021-04-09 19:12:05'),
(147, 5, 17, 62, '2021-04-09 19:12:05'),
(148, 6, 37, 60, '2021-04-09 19:12:05'),
(149, 17, 24, 51, '2021-04-09 19:12:05'),
(150, 2, 35, 70, '2021-04-09 19:12:05'),
(151, 2, 33, 69, '2021-04-09 19:12:05'),
(152, 4, 28, 36, '2021-04-09 19:12:05'),
(153, 14, 26, 46, '2021-04-09 19:12:05'),
(154, 8, 27, 70, '2021-04-09 19:12:05'),
(155, 7, 16, 54, '2021-04-09 19:12:05'),
(156, 34, 37, 79, '2021-04-09 19:12:05'),
(157, 2, 35, 83, '2021-04-09 19:12:05'),
(158, 4, 35, 83, '2021-04-09 19:12:05'),
(159, 4, 26, 83, '2021-04-09 19:12:05'),
(160, 16, 33, 45, '2021-04-09 19:12:06'),
(161, 5, 23, 63, '2021-04-09 19:12:06'),
(162, 31, 25, 32, '2021-04-09 19:12:06'),
(163, 2, 39, 61, '2021-04-09 19:12:06'),
(164, 2, 20, 45, '2021-04-09 19:12:06'),
(165, 36, 19, 32, '2021-04-09 19:12:06'),
(166, 15, 35, 37, '2021-04-09 19:12:06'),
(167, 27, 15, 51, '2021-04-09 19:12:06'),
(168, 11, 38, 34, '2021-04-09 19:12:06'),
(169, 18, 34, 64, '2021-04-09 19:12:06'),
(170, 17, 39, 35, '2021-04-09 19:12:06'),
(171, 5, 29, 77, '2021-04-09 19:12:06'),
(172, 1, 34, 47, '2021-04-09 19:12:06'),
(173, 3, 39, 86, '2021-04-09 19:12:06'),
(174, 12, 37, 31, '2021-04-09 19:12:06'),
(175, 8, 21, 68, '2021-04-09 19:12:06'),
(176, 17, 26, 63, '2021-04-09 19:12:06'),
(177, 30, 30, 82, '2021-04-09 19:12:06'),
(178, 10, 34, 67, '2021-04-09 19:12:06'),
(179, 6, 25, 39, '2021-04-09 19:12:06'),
(180, 33, 29, 70, '2021-04-09 19:12:07'),
(181, 14, 26, 76, '2021-04-09 19:12:07'),
(182, 12, 17, 77, '2021-04-09 19:12:07'),
(183, 36, 37, 36, '2021-04-09 19:12:07'),
(184, 5, 34, 74, '2021-04-09 19:12:07'),
(185, 13, 27, 70, '2021-04-09 19:12:07'),
(186, 30, 25, 55, '2021-04-09 19:12:07'),
(187, 36, 20, 49, '2021-04-09 19:12:07'),
(188, 11, 27, 86, '2021-04-09 19:12:07'),
(189, 33, 15, 54, '2021-04-09 19:12:07'),
(190, 30, 23, 32, '2021-04-09 19:12:07'),
(191, 18, 24, 37, '2021-04-09 19:12:07'),
(192, 34, 17, 76, '2021-04-09 19:12:07'),
(193, 32, 30, 65, '2021-04-09 19:12:07'),
(194, 32, 31, 90, '2021-04-09 19:12:07'),
(195, 16, 22, 89, '2021-04-09 19:12:07'),
(196, 33, 17, 79, '2021-04-09 19:12:07'),
(197, 31, 34, 48, '2021-04-09 19:12:07'),
(198, 5, 40, 32, '2021-04-09 19:12:07'),
(199, 10, 36, 51, '2021-04-09 19:12:07'),
(200, 30, 27, 89, '2021-04-09 19:12:07'),
(201, 30, 15, 51, '2021-04-09 19:12:07'),
(202, 3, 23, 36, '2021-04-09 19:12:08'),
(203, 16, 37, 70, '2021-04-09 19:12:08'),
(204, 3, 15, 76, '2021-04-09 19:12:08'),
(205, 12, 40, 56, '2021-04-09 19:12:08'),
(206, 5, 36, 36, '2021-04-09 19:12:08'),
(207, 28, 29, 40, '2021-04-09 19:12:08'),
(208, 12, 39, 75, '2021-04-09 19:12:08'),
(209, 28, 23, 36, '2021-04-09 19:12:08'),
(210, 12, 35, 40, '2021-04-09 19:12:08'),
(211, 31, 21, 80, '2021-04-09 19:12:08'),
(212, 30, 39, 89, '2021-04-09 19:12:08'),
(213, 30, 36, 84, '2021-04-09 19:12:08'),
(214, 6, 31, 37, '2021-04-09 19:12:08'),
(215, 28, 40, 50, '2021-04-09 19:12:08'),
(216, 7, 25, 58, '2021-04-09 19:12:09'),
(217, 32, 40, 44, '2021-04-09 19:12:09'),
(218, 31, 33, 53, '2021-04-09 19:12:09'),
(219, 2, 15, 63, '2021-04-09 19:12:09'),
(220, 32, 32, 31, '2021-04-09 19:12:09'),
(221, 18, 27, 52, '2021-04-09 19:12:09'),
(222, 11, 18, 41, '2021-04-09 19:12:09'),
(223, 14, 25, 55, '2021-04-09 19:12:09'),
(224, 33, 32, 43, '2021-04-09 19:12:09'),
(225, 18, 20, 30, '2021-04-09 19:12:09'),
(226, 16, 31, 30, '2021-04-09 19:12:09'),
(227, 31, 29, 67, '2021-04-09 19:12:09'),
(228, 32, 20, 56, '2021-04-09 19:12:09'),
(229, 4, 25, 53, '2021-04-09 19:12:09'),
(230, 33, 16, 88, '2021-04-09 19:12:09'),
(231, 10, 19, 88, '2021-04-09 19:12:09'),
(232, 30, 19, 47, '2021-04-09 19:12:09'),
(233, 2, 33, 38, '2021-04-09 19:12:09'),
(234, 32, 37, 44, '2021-04-09 19:12:09'),
(235, 34, 18, 53, '2021-04-09 19:12:09'),
(236, 30, 39, 83, '2021-04-09 19:12:09'),
(237, 34, 32, 47, '2021-04-09 19:12:09'),
(238, 18, 17, 89, '2021-04-09 19:12:10'),
(239, 17, 37, 63, '2021-04-09 19:12:10'),
(240, 34, 19, 35, '2021-04-09 19:12:10'),
(241, 27, 35, 54, '2021-04-09 19:12:10'),
(242, 16, 27, 62, '2021-04-09 19:12:10'),
(243, 14, 17, 73, '2021-04-09 19:12:10'),
(244, 28, 38, 76, '2021-04-09 19:12:10'),
(245, 15, 23, 39, '2021-04-09 19:12:10'),
(246, 11, 37, 81, '2021-04-09 19:12:10'),
(247, 5, 36, 90, '2021-04-09 19:12:10'),
(248, 7, 14, 65, '2021-04-09 19:12:10'),
(249, 18, 27, 31, '2021-04-09 19:12:10'),
(250, 5, 28, 75, '2021-04-09 19:12:10'),
(251, 10, 32, 60, '2021-04-09 19:12:10'),
(252, 8, 24, 85, '2021-04-09 19:12:10'),
(253, 12, 32, 83, '2021-04-09 19:12:10'),
(254, 17, 14, 63, '2021-04-09 19:12:10'),
(255, 31, 26, 34, '2021-04-09 19:12:10'),
(256, 12, 16, 81, '2021-04-09 19:12:10'),
(257, 11, 25, 77, '2021-04-09 19:12:10'),
(258, 27, 20, 62, '2021-04-09 19:12:10'),
(259, 8, 29, 48, '2021-04-09 19:12:10'),
(260, 3, 40, 58, '2021-04-09 19:12:10'),
(261, 3, 22, 45, '2021-04-09 19:12:10'),
(262, 15, 39, 89, '2021-04-09 19:12:10'),
(263, 8, 37, 40, '2021-04-09 19:12:10'),
(264, 1, 32, 71, '2021-04-09 19:12:11'),
(265, 7, 21, 39, '2021-04-09 19:12:11'),
(266, 13, 39, 72, '2021-04-09 19:12:11'),
(267, 31, 27, 88, '2021-04-09 19:12:11'),
(268, 2, 27, 71, '2021-04-09 19:12:11'),
(269, 7, 26, 54, '2021-04-09 19:12:11'),
(270, 4, 23, 70, '2021-04-09 19:12:11'),
(271, 3, 15, 54, '2021-04-09 19:12:11'),
(272, 14, 26, 60, '2021-04-09 19:12:11'),
(273, 28, 31, 52, '2021-04-09 19:14:06'),
(274, 4, 32, 56, '2021-04-09 19:14:06'),
(275, 27, 37, 32, '2021-04-09 19:14:06'),
(276, 11, 36, 50, '2021-04-09 19:14:06'),
(277, 33, 27, 66, '2021-04-09 19:18:51'),
(278, 27, 40, 36, '2021-04-09 19:18:51'),
(279, 4, 17, 71, '2021-04-09 19:18:51'),
(280, 27, 20, 69, '2021-04-09 19:18:51'),
(281, 12, 36, 48, '2021-04-09 19:19:44'),
(282, 8, 20, 47, '2021-04-09 19:19:44'),
(283, 0, 32, 70, '2022-11-22 08:21:38'),
(284, 0, 20, 49, '2022-11-22 08:21:38'),
(285, 1, 28, 50, '2022-11-22 08:21:38'),
(286, 5, 19, 83, '2022-11-22 08:21:38'),
(287, 6, 36, 36, '2022-11-22 08:21:38'),
(288, 3, 25, 79, '2022-11-22 08:26:34'),
(289, 1, 20, 43, '2022-11-22 08:26:34'),
(290, 3, 40, 48, '2022-11-22 08:26:34'),
(291, 4, 35, 81, '2022-11-22 08:26:34'),
(292, 4, 32, 73, '2022-11-22 08:26:34'),
(293, 4, 26, 53, '2022-11-22 12:29:15'),
(294, 4, 29, 85, '2022-11-22 12:29:15'),
(295, 0, 24, 46, '2022-11-22 12:29:15'),
(296, 6, 29, 32, '2022-11-22 12:29:15'),
(297, 5, 36, 86, '2022-11-22 12:29:15'),
(298, 1, 31, 79, '2022-11-22 13:09:36'),
(299, 1, 15, 80, '2022-11-22 13:09:36'),
(300, 0, 29, 74, '2022-11-22 13:09:36'),
(301, 6, 32, 80, '2022-11-22 13:09:36'),
(302, 0, 27, 42, '2022-11-22 13:09:36'),
(303, 1, 22, 69, '2022-11-22 18:11:47'),
(304, 4, 37, 60, '2022-11-22 18:11:47'),
(305, 6, 14, 37, '2022-11-22 18:11:47'),
(306, 6, 22, 81, '2022-11-22 18:11:47'),
(307, 1, 33, 68, '2022-11-22 18:11:47'),
(308, 5, 16, 88, '2022-11-23 07:42:21'),
(309, 0, 35, 42, '2022-11-23 07:42:21'),
(310, 4, 25, 67, '2022-11-23 07:42:21'),
(311, 6, 14, 72, '2022-11-23 07:42:21'),
(312, 1, 37, 81, '2022-11-23 07:42:21'),
(313, 1, 40, 69, '2022-11-23 08:29:42'),
(314, 6, 23, 61, '2022-11-23 08:29:42'),
(315, 1, 14, 49, '2022-11-23 08:29:43'),
(316, 4, 25, 34, '2022-11-23 08:29:43'),
(317, 3, 33, 70, '2022-11-23 08:29:43'),
(318, 3, 32, 36, '2022-11-23 09:37:14'),
(319, 2, 35, 87, '2022-11-23 09:37:14'),
(320, 0, 20, 79, '2022-11-23 09:37:14'),
(321, 6, 28, 60, '2022-11-23 09:37:14'),
(322, 0, 19, 71, '2022-11-23 09:37:14'),
(323, 1, 16, 77, '2022-11-23 14:32:08'),
(324, 4, 29, 75, '2022-11-23 14:32:08'),
(325, 5, 18, 49, '2022-11-23 14:32:08'),
(326, 1, 32, 56, '2022-11-23 14:32:08'),
(327, 2, 33, 74, '2022-11-23 14:32:08'),
(328, 2, 15, 46, '2022-11-23 15:04:16'),
(329, 0, 28, 83, '2022-11-23 15:04:16'),
(330, 1, 22, 74, '2022-11-23 15:04:16'),
(331, 4, 22, 74, '2022-11-23 15:04:16'),
(332, 4, 29, 49, '2022-11-23 15:04:16'),
(333, 3, 37, 60, '2022-11-23 15:07:52'),
(334, 2, 15, 39, '2022-11-23 15:07:52'),
(335, 2, 15, 51, '2022-11-23 15:07:52'),
(336, 0, 19, 82, '2022-11-23 15:07:52'),
(337, 0, 27, 51, '2022-11-23 15:07:52'),
(338, 4, 29, 52, '2022-11-24 08:29:53'),
(339, 4, 37, 56, '2022-11-24 08:29:53'),
(340, 4, 39, 85, '2022-11-24 08:29:53'),
(341, 4, 29, 87, '2022-11-24 08:29:53'),
(342, 1, 39, 40, '2022-11-24 08:29:53'),
(343, 4, 38, 84, '2022-11-24 08:30:17'),
(344, 3, 21, 37, '2022-11-24 08:30:17'),
(345, 2, 16, 72, '2022-11-24 08:30:17'),
(346, 4, 38, 84, '2022-11-24 08:30:17'),
(347, 2, 29, 48, '2022-11-24 08:30:17'),
(348, 0, 26, 32, '2022-11-24 08:31:10'),
(349, 2, 27, 55, '2022-11-24 08:31:10'),
(350, 2, 31, 34, '2022-11-24 08:31:10'),
(351, 3, 33, 81, '2022-11-24 08:31:10'),
(352, 1, 23, 70, '2022-11-24 08:31:10'),
(353, 3, 28, 47, '2022-11-24 08:36:25'),
(354, 2, 29, 42, '2022-11-24 08:36:25'),
(355, 0, 28, 58, '2022-11-24 08:36:25'),
(356, 4, 40, 32, '2022-11-24 08:36:25'),
(357, 0, 36, 79, '2022-11-24 08:36:25'),
(358, 3, 36, 49, '2022-11-24 09:18:24'),
(359, 2, 18, 55, '2022-11-24 09:18:24'),
(360, 0, 17, 72, '2022-11-24 09:18:24'),
(361, 0, 37, 53, '2022-11-24 09:18:24'),
(362, 3, 32, 37, '2022-11-24 09:18:25'),
(363, 0, 22, 61, '2022-11-24 10:43:54'),
(364, 5, 35, 84, '2022-11-24 10:43:54'),
(365, 6, 21, 68, '2022-11-24 10:43:54'),
(366, 0, 38, 64, '2022-11-24 10:43:54'),
(367, 0, 37, 41, '2022-11-24 10:43:55'),
(368, 6, 24, 82, '2022-11-24 10:56:15'),
(369, 1, 25, 51, '2022-11-24 10:56:15'),
(370, 7, 24, 43, '2022-11-24 10:56:16'),
(371, 0, 24, 68, '2022-11-24 10:56:16'),
(372, 5, 39, 62, '2022-11-24 10:56:16'),
(373, 6, 22, 72, '2022-11-24 15:53:21'),
(374, 2, 15, 84, '2022-11-24 15:53:21'),
(375, 5, 30, 51, '2022-11-24 15:53:21'),
(376, 2, 35, 75, '2022-11-24 15:53:21'),
(377, 5, 19, 33, '2022-11-24 15:53:21'),
(378, 3, 36, 86, '2022-11-24 16:14:42'),
(379, 0, 29, 76, '2022-11-24 16:14:42'),
(380, 4, 36, 76, '2022-11-24 16:14:42'),
(381, 4, 38, 64, '2022-11-24 16:14:42'),
(382, 1, 22, 90, '2022-11-24 16:14:42'),
(383, 1, 30, 67, '2022-11-24 16:23:19'),
(384, 2, 28, 70, '2022-11-24 16:23:19'),
(385, 2, 35, 59, '2022-11-24 16:23:19'),
(386, 7, 16, 82, '2022-11-24 16:23:19'),
(387, 2, 36, 33, '2022-11-24 16:23:19'),
(388, 7, 25, 40, '2022-11-24 16:23:46'),
(389, 3, 30, 49, '2022-11-24 16:39:40'),
(390, 5, 35, 77, '2022-11-24 16:39:40'),
(391, 0, 34, 69, '2022-11-24 16:39:40'),
(392, 3, 38, 58, '2022-11-24 16:39:40'),
(393, 1, 29, 68, '2022-11-24 16:39:40'),
(394, 0, 21, 48, '2022-11-24 16:40:21'),
(395, 3, 40, 37, '2022-11-24 16:40:21'),
(396, 7, 16, 70, '2022-11-24 16:40:21'),
(397, 0, 19, 89, '2022-11-24 16:40:21'),
(398, 6, 37, 83, '2022-11-24 16:40:21'),
(399, 8, 25, 40, '2022-11-24 16:48:10'),
(400, 0, 21, 85, '2022-11-24 16:53:59'),
(401, 5, 15, 85, '2022-11-24 16:53:59'),
(402, 9, 15, 53, '2022-11-24 16:53:59'),
(403, 8, 27, 89, '2022-11-24 16:53:59'),
(404, 3, 33, 69, '2022-11-24 16:53:59'),
(405, 9, 25, 40, '2022-11-24 17:01:38'),
(406, 10, 25, 40, '2022-11-24 17:01:49'),
(407, 7, 28, 36, '2022-11-24 17:33:24'),
(408, 3, 16, 50, '2022-11-24 17:33:25'),
(409, 3, 37, 88, '2022-11-24 17:33:25'),
(410, 8, 33, 30, '2022-11-24 17:33:25'),
(411, 3, 36, 84, '2022-11-24 17:33:25');

-- --------------------------------------------------------

--
-- Tábla szerkezet ehhez a táblához `eszkozok`
--

CREATE TABLE `eszkozok` (
  `id` int(11) NOT NULL,
  `szobaID` int(11) NOT NULL,
  `eszkozNev` varchar(30) COLLATE utf8_hungarian_ci NOT NULL,
  `bekapcsolva` int(4) NOT NULL
) ENGINE=InnoDB DEFAULT CHARSET=utf8 COLLATE=utf8_hungarian_ci;

--
-- A tábla adatainak kiíratása `eszkozok`
--

INSERT INTO `eszkozok` (`id`, `szobaID`, `eszkozNev`, `bekapcsolva`) VALUES
(1, 1, 'kapcsoló', 0),
(2, 2, 'hőmérő', 0),
(3, 3, 'hőmérő', 0),
(4, 4, 'hömérő', 0),
(5, 5, 'termosztát', 0),
(6, 6, 'asd', 0),
(7, 7, 'wefqwfs', 0),
(8, 8, 'hőmérő', 0),
(9, 9, 'hőmérő', 0),
(10, 10, 'asd', 0);

-- --------------------------------------------------------

--
-- Tábla szerkezet ehhez a táblához `futes`
--

CREATE TABLE `futes` (
  `id` int(11) NOT NULL,
  `szobaID` int(11) NOT NULL,
  `futesTipus` varchar(20) COLLATE utf8_hungarian_ci DEFAULT NULL,
  `fokozat` int(11) NOT NULL,
  `bekapcsolva` int(4) NOT NULL
) ENGINE=InnoDB DEFAULT CHARSET=utf8 COLLATE=utf8_hungarian_ci;

--
-- A tábla adatainak kiíratása `futes`
--

INSERT INTO `futes` (`id`, `szobaID`, `futesTipus`, `fokozat`, `bekapcsolva`) VALUES
(1, 1, 'gáz', 1, 0),
(2, 2, 'távhő', 1, 0),
(3, 3, 'valami', 1, 0),
(4, 4, 'távhő', 1, 0),
(5, 5, 'távhő', 1, 0),
(6, 6, 'asd', 1, 0),
(7, 7, 'asdfasdf', 1, 0),
(8, 8, 'távhő', 1, 0),
(9, 9, 'távhő', 1, 0),
(10, 10, 'asd', 1, 0);

-- --------------------------------------------------------

--
-- Tábla szerkezet ehhez a táblához `lakas`
--

CREATE TABLE `lakas` (
  `id` int(11) NOT NULL,
  `lakasnev` varchar(100) COLLATE utf8_hungarian_ci DEFAULT NULL
) ENGINE=InnoDB DEFAULT CHARSET=utf8 COLLATE=utf8_hungarian_ci;

--
-- A tábla adatainak kiíratása `lakas`
--

INSERT INTO `lakas` (`id`, `lakasnev`) VALUES
(1, 'kora keco'),
(2, 'vicces lakás'),
(3, 'valami'),
(4, 'nemtudom'),
(5, 'lakásom'),
(6, 'kutya ólja'),
(7, 'macska palotája'),
(10, 'kovácsék');

-- --------------------------------------------------------

--
-- Tábla szerkezet ehhez a táblához `szoba`
--

CREATE TABLE `szoba` (
  `id` int(11) NOT NULL,
  `lakas_id` int(11) NOT NULL,
  `szobaNev` varchar(20) COLLATE utf8_hungarian_ci NOT NULL,
  `terulet` int(11) NOT NULL
) ENGINE=InnoDB DEFAULT CHARSET=utf8 COLLATE=utf8_hungarian_ci;

--
-- A tábla adatainak kiíratása `szoba`
--

INSERT INTO `szoba` (`id`, `lakas_id`, `szobaNev`, `terulet`) VALUES
(1, 1, 'konyha', 20),
(2, 1, 'gyerekszoba', 30),
(3, 1, 'nappali', 30),
(4, 2, 'konyha', 10),
(5, 2, 'hálószoba', 20),
(6, 3, 'valamiszobaféleség', 10),
(9, 1, 'dolgozó', 30);

-- --------------------------------------------------------

--
-- Tábla szerkezet ehhez a táblához `tartozik`
--

CREATE TABLE `tartozik` (
  `felh_id` int(11) NOT NULL,
  `lakas_id` int(11) NOT NULL
) ENGINE=InnoDB DEFAULT CHARSET=utf8 COLLATE=utf8_hungarian_ci;

--
-- A tábla adatainak kiíratása `tartozik`
--

INSERT INTO `tartozik` (`felh_id`, `lakas_id`) VALUES
(1, 1),
(4, 2),
(5, 3),
(6, 4),
(8, 6),
(1, 4),
(1, 7),
(1, 10),
(7, 1),
(4, 1);

-- --------------------------------------------------------

--
-- Tábla szerkezet ehhez a táblához `users`
--

CREATE TABLE `users` (
  `id` int(11) NOT NULL,
  `felh` varchar(100) COLLATE utf8_hungarian_ci NOT NULL,
  `jelszo` varchar(500) COLLATE utf8_hungarian_ci NOT NULL,
  `emial` varchar(50) COLLATE utf8_hungarian_ci NOT NULL
) ENGINE=InnoDB DEFAULT CHARSET=utf8 COLLATE=utf8_hungarian_ci;

--
-- A tábla adatainak kiíratása `users`
--

INSERT INTO `users` (`id`, `felh`, `jelszo`, `emial`) VALUES
(1, 'Proba', '6F3FE9DE1BB147DAC52F349CFFF49CEE8257AA3AF48533711DC97594D08BAE07E460EE3A3CF49F4BAD1E17F74C7AF95D709E32CC7B58A1807E0258D67D558625', 'asd@asd.asdhu'),
(2, 'tesztelek', '$2a$10$oZQXFcdIdsVnwMOGJ.QujOPAHU2CmfnqSTFRDojdMLr5ITv.zTYOu', 'tesztelek@gmail.com'),
(3, 'asd', '$2a$10$QUl8wFP4yMv.ify0OM8QCemuwpvbLGLX0/oDywYRb0/EIku.m26Aa', 'asd@asd.hu'),
(4, 'Vicc Elek', '100CE6E428615AA829438E53FABF1E7922DEAE1209BA0509AABCD40BE6A3E77CE41F0AF0C3A55B9D413E3FCB4B789A0752BE846DFD8608F4A39AA6BDE847CCF3', 'viccelek@gmail.com'),
(5, 'probalkozom', '286C0CF17EBE2805DE43ED621F26FC5F8D42C08FD047923E1CB8FD96C43F10A42AD824C37309C86BA5B37061101857F321DFAFC027141D341E649D9BF983CD42', 'probalkozom@gmail.com'),
(6, 'nem tudom', '3FE15482F217E375C9FC428AD558C09CA1D2E3C8A4A6B876B68EAE916B6B129B65C7648FB534A44EF312C81B7655ABBFE3EC6F746D082CFC168C5B7F7C084B45', 'nemtudom@gmail.com'),
(7, 'asdasd', '36FE058406D33EF1D6F431AFFD9D98D5E566E0B685CB39A2D2E21EC74F5B23EB39613B19849E96648F516CB1ED83D8BF7378AD5B0706943B0FF37CE3A2CF14B0', 'asdasd@gmail.com'),
(8, 'zuiozuiozuio', '36FE058406D33EF1D6F431AFFD9D98D5E566E0B685CB39A2D2E21EC74F5B23EB39613B19849E96648F516CB1ED83D8BF7378AD5B0706943B0FF37CE3A2CF14B0', 'zuiozu@gmail.com');

--
-- Indexek a kiírt táblákhoz
--

--
-- A tábla indexei `adatok`
--
ALTER TABLE `adatok`
  ADD PRIMARY KEY (`id`),
  ADD KEY `szobaId` (`szobaId`);

--
-- A tábla indexei `eszkozok`
--
ALTER TABLE `eszkozok`
  ADD PRIMARY KEY (`id`),
  ADD KEY `szobaID` (`szobaID`);

--
-- A tábla indexei `futes`
--
ALTER TABLE `futes`
  ADD PRIMARY KEY (`id`),
  ADD KEY `szobaID` (`szobaID`);

--
-- A tábla indexei `lakas`
--
ALTER TABLE `lakas`
  ADD PRIMARY KEY (`id`);

--
-- A tábla indexei `szoba`
--
ALTER TABLE `szoba`
  ADD PRIMARY KEY (`id`),
  ADD KEY `lakas_id` (`lakas_id`);

--
-- A tábla indexei `tartozik`
--
ALTER TABLE `tartozik`
  ADD KEY `felh_id` (`felh_id`),
  ADD KEY `lakas_id` (`lakas_id`);

--
-- A tábla indexei `users`
--
ALTER TABLE `users`
  ADD PRIMARY KEY (`id`);

--
-- A kiírt táblák AUTO_INCREMENT értéke
--

--
-- AUTO_INCREMENT a táblához `adatok`
--
ALTER TABLE `adatok`
  MODIFY `id` int(11) NOT NULL AUTO_INCREMENT, AUTO_INCREMENT=412;

--
-- AUTO_INCREMENT a táblához `eszkozok`
--
ALTER TABLE `eszkozok`
  MODIFY `id` int(11) NOT NULL AUTO_INCREMENT, AUTO_INCREMENT=11;

--
-- AUTO_INCREMENT a táblához `futes`
--
ALTER TABLE `futes`
  MODIFY `id` int(11) NOT NULL AUTO_INCREMENT, AUTO_INCREMENT=11;

--
-- AUTO_INCREMENT a táblához `lakas`
--
ALTER TABLE `lakas`
  MODIFY `id` int(11) NOT NULL AUTO_INCREMENT, AUTO_INCREMENT=11;

--
-- AUTO_INCREMENT a táblához `szoba`
--
ALTER TABLE `szoba`
  MODIFY `id` int(11) NOT NULL AUTO_INCREMENT, AUTO_INCREMENT=11;

--
-- AUTO_INCREMENT a táblához `users`
--
ALTER TABLE `users`
  MODIFY `id` int(11) NOT NULL AUTO_INCREMENT, AUTO_INCREMENT=9;

--
-- Megkötések a kiírt táblákhoz
--

--
-- Megkötések a táblához `eszkozok`
--
ALTER TABLE `eszkozok`
  ADD CONSTRAINT `eszkozok_ibfk_1` FOREIGN KEY (`szobaID`) REFERENCES `szoba` (`id`) ON DELETE NO ACTION ON UPDATE NO ACTION;

--
-- Megkötések a táblához `futes`
--
ALTER TABLE `futes`
  ADD CONSTRAINT `futes_ibfk_1` FOREIGN KEY (`szobaID`) REFERENCES `szoba` (`id`) ON DELETE NO ACTION ON UPDATE NO ACTION;

--
-- Megkötések a táblához `szoba`
--
ALTER TABLE `szoba`
  ADD CONSTRAINT `szoba_ibfk_1` FOREIGN KEY (`id`) REFERENCES `adatok` (`szobaId`) ON DELETE NO ACTION ON UPDATE NO ACTION,
  ADD CONSTRAINT `szoba_ibfk_2` FOREIGN KEY (`lakas_id`) REFERENCES `lakas` (`id`) ON DELETE NO ACTION ON UPDATE NO ACTION;

--
-- Megkötések a táblához `tartozik`
--
ALTER TABLE `tartozik`
  ADD CONSTRAINT `tartozik_ibfk_1` FOREIGN KEY (`felh_id`) REFERENCES `users` (`id`) ON DELETE NO ACTION ON UPDATE NO ACTION,
  ADD CONSTRAINT `tartozik_ibfk_2` FOREIGN KEY (`lakas_id`) REFERENCES `lakas` (`id`) ON DELETE NO ACTION ON UPDATE NO ACTION;
COMMIT;

/*!40101 SET CHARACTER_SET_CLIENT=@OLD_CHARACTER_SET_CLIENT */;
/*!40101 SET CHARACTER_SET_RESULTS=@OLD_CHARACTER_SET_RESULTS */;
/*!40101 SET COLLATION_CONNECTION=@OLD_COLLATION_CONNECTION */;
